Protocol,Flow Duration,Tot Fwd Pkts,Tot Bwd Pkts,TotLen Fwd Pkts,TotLen Bwd Pkts,Fwd Pkt Len Mean,Bwd Pkt Len Mean,Flow Byts/s,Flow Pkts/s,Pkt Len Mean,Pkt Len Std,SYN Flag Cnt,ACK Flag Cnt,FIN Flag Cnt,RST Flag Cnt,PSH Flag Cnt,URG Flag Cnt,Label
0.0124089120279776,0.7619480151180383,0.1855922704424573,0.1339976050235842,0.6199262003187341,0.0147063995400195,0.4165926291780378,0.0294877125235216,0.557847322117768,0.0890011625900829,0.2078831513032614,0.5204813376326524,0.6947120283520851,0.9155602674589938,0.9128884495514852,0.0870633692402288,0.3430475989828577,0.895896296278684,BENIGN
0.5711657990296246,0.5281239659751361,0.6996429712940823,0.8955555389198504,0.8496652550838959,0.8217529481789568,0.040875127997872,0.9485821544343332,0.8333350130684889,0.6987539032414966,0.98535646033001,0.5493430109394755,0.4231627304616031,0.5653547976190297,0.9094276844291302,0.9821681846198516,0.5761531727286869,0.9515679063484994,BENIGN
0.3669690879827497,0.6517564182201658,0.3572814554123289,0.7943896187261983,0.3375092757435245,0.7474794320902831,0.0669444071207397,0.5835770056648573,0.6405393279278698,0.1329618778266741,0.4072248609644943,0.9848995399027882,0.9663057322146692,0.3171554559115105,0.2355738733126698,0.1444880293133681,0.6757279074545763,0.7999907438230973,BENIGN
0.2965676037510932,0.1654633957321915,0.000947245947776,0.9380487999885904,0.7167586024744004,0.3657471009049663,0.6174029057399247,0.7225452443072533,0.2433318165373353,0.2834439152079491,0.9853214993985376,0.5621351513713256,0.2117565048875487,0.9420574553210992,0.0346942683875578,0.6139074894833986,0.1294159590518926,0.1778784481683568,BENIGN
0.0505156181967905,0.1071194306566634,0.7610661209214742,0.6461975978716225,0.1701255521910053,0.3002571478178215,0.2256571457783719,0.0558751443504166,0.9742866338893648,0.3277803621892101,0.7718450604983771,0.4563531859498052,0.3305289586247175,0.4273372832684633,0.1518833888959707,0.6690526901438786,0.9050156347048802,0.8000896854591961,BENIGN
0.1643753252060924,0.1124286527562459,0.037238518903472,0.7230283302821956,0.80387010026926,0.0479876703880048,0.5179306507409628,0.8075616519884048,0.2755048984305127,0.1918779803839944,0.1298402231124531,0.5836435763217563,0.8741748190680363,0.6547650750747541,0.657688069345436,0.9458568735118996,0.4014214032750378,0.9322150062194824,BENIGN
0.406733964706769,0.7092625001813527,0.5742604107869531,0.9505774319618756,0.1524816598462238,0.3344000366101045,0.0934575999555041,0.1114343826986894,0.7985027561953187,0.6868416043110142,0.3075171574240498,0.914256202263644,0.4725487412604076,0.8675721197015033,0.13152226577054,0.0484104071647657,0.1535314872672188,0.5344543134576963,BENIGN
0.1140177221913603,0.246594752691189,0.5557947594241192,0.1078345782204124,0.9773589553198558,0.1842303433371033,0.5761064193819214,0.7033987508867315,0.5518599321023596,0.3311510487767113,0.0330288650764747,0.0233042331593528,0.3263710627975856,0.9915953004871684,0.701185660040108,0.0985211611660751,0.1946406332523892,0.5644728312421741,BENIGN
0.1592945861462855,0.1961015419483562,0.2956291352281132,0.9020854552107128,0.1744131326865378,0.7029831110891,0.9425668357450564,0.4145762486366219,0.0442974026417612,0.9698591414288614,0.7591232384392693,0.996459652366819,0.1561294830132348,0.2168276000249801,0.3766219250024174,0.3854577667187417,0.980204908342904,0.6333624010241092,BENIGN
0.3221668214050088,0.9453603643408732,0.6896013866620222,0.427449440990771,0.9406299396510612,0.7672678580152155,0.3574222295805868,0.8548747507839821,0.869155867380325,0.9829704858533028,0.3095633787941413,0.4325165497173385,0.00039891656982,0.8584993367798404,0.8917004740075825,0.7770277950481195,0.1554272785286818,0.4264531285962455,BENIGN
0.4060697880814309,0.2366323349447016,0.7738907225618205,0.4962191162539593,0.9043525146823476,0.6399419990896025,0.5225275525644216,0.1926966115818102,0.6515618785111525,0.2330248384716731,0.8790695975289561,0.1689480683750315,0.424278601330415,0.6882993201872679,0.9959102692350184,0.4844685731264359,0.3296808891921586,0.9322233461845306,BENIGN
0.0727183488591874,0.9151526467698718,0.4220330911852857,0.5967789848089724,0.6143619086907415,0.7419566508844501,0.392488159561792,0.1458089638968888,0.4705844033745403,0.1785119845405771,0.34175129499846,0.6683205957684011,0.2869338885860063,0.1551115806971665,0.5628348184408098,0.8500751983058067,0.0109232194596264,0.1941666306327552,BENIGN
0.0773737349980172,0.0113648396957994,0.7729986832435852,0.2504175045689653,0.0586719988686567,0.1085363753745753,0.3594246544688034,0.0856784256137515,0.9720977287375576,0.9742022789783996,0.483124540925969,0.011933162160614,0.3625539829264347,0.9622782734701442,0.9790376819744742,0.3818738793767378,0.181834116223752,0.8930806962251342,BENIGN
0.0066982304220949,0.1804647201441289,0.727536998531177,0.8201576124193395,0.9844490601344922,0.1829894326738321,0.3909039488939871,0.4819132046714235,0.157506947390726,0.4696036451088354,0.9393938799054964,0.9451648589906846,0.6268514085111218,0.402645233611873,0.817959477523755,0.6380761124055484,0.6729578731752721,0.3567721247043762,BENIGN
0.9643982866881772,0.829164322647317,0.9219839097636506,0.4255411470683119,0.0823794513039611,0.6913681626618566,0.6718653417813268,0.1824609527649663,0.1340313766006859,0.297591029621391,0.3964980628860524,0.8306491706750537,0.9785417930316784,0.4221094484601767,0.4861339102583238,0.6706215336119121,0.1570525260408025,0.1219256003198684,BENIGN
0.7082844145533383,0.6290524162260829,0.1755569776427468,0.987424322467628,0.72389130302881,0.0454497562488376,0.788684025856611,0.5165523151846292,0.0759682843044299,0.8387939457784056,0.449831833772196,0.1710252620591562,0.0350371618693742,0.111555471904753,0.3754344424952083,0.0287063463149592,0.1918122843252152,0.0452083315105542,BENIGN
0.1620424696605091,0.6293854260795912,0.3647119780041198,0.6965088235505147,0.1247056309566173,0.8461866601685598,0.9668830773744728,0.0567519088089366,0.8756850798097598,0.2885073623489081,0.6290650447462578,0.9844938793388788,0.209543859025875,0.9614880272942644,0.4625949653261502,0.9017004555891128,0.5888912309405268,0.1933522102421562,BENIGN
0.537150940147221,0.55698081283156,0.6953883221463854,0.1386354197501823,0.4873029415540431,0.747818754638061,0.0719737684591506,0.404649675289664,0.698960112756078,0.3459889002141941,0.3643911704171755,0.7815089055676151,0.23885585710903,0.6861049431494849,0.6847066084827325,0.2758473467400643,0.4178134166566959,0.9967699482329324,BENIGN
0.314832464917856,0.8198451944466563,0.7748804902617854,0.3001723013948757,0.2067786889244096,0.7880440384382412,0.2229962206173065,0.7215427040362496,0.3982540321251171,0.0370879697234316,0.5992733622875374,0.616603815856611,0.0066501291537633,0.8584444450541748,0.4450818139283348,0.343866037087543,0.0952888513382672,0.8534742508274727,BENIGN
0.779695136672002,0.2941242961899508,0.3832950675084124,0.679589715239681,0.4161389872846727,0.869642347903585,0.0492867171923351,0.851678676298747,0.6018803125146797,0.5305574786107986,0.5876674718836392,0.4314239068563116,0.3229445859317218,0.9517298329261724,0.3062800693785513,0.2104947141061097,0.4194429582140037,0.8861975096082769,BENIGN
0.4596439139978321,0.148839024521309,0.8972361589523102,0.8221033086362077,0.1829434861617156,0.4454677123890844,0.398781471339218,0.571352848428455,0.1637993666365335,0.9137091434790656,0.8819593642377794,0.2700306610768552,0.7637437871510094,0.4152004163798689,0.7273530640725344,0.3307506486536237,0.4938014474672891,0.5816079019157893,BENIGN
0.5778555053596856,0.0436903630129942,0.4380280883369876,0.4129167763839725,0.3872920228638737,0.510536589870695,0.9386992552970116,0.8827238822896717,0.5897856641055725,0.6907788155174873,0.6512200066876833,0.6728615731546537,0.5679463353189554,0.8355138008358457,0.3675821992924111,0.6559591440470174,0.1913352827643346,0.6112854946005127,BENIGN
0.1719009543123251,0.8773655760054015,0.2061790606720196,0.1852650769753184,0.418442869089083,0.5868955682622281,0.4094463665232225,0.1441354471422867,0.0828149577827686,0.5333513276113201,0.5323888564533497,0.8348953696689151,0.5173513840443159,0.1409431225099493,0.8072609208088672,0.9450968632616796,0.3784175488268422,0.2460892667442644,BENIGN
0.3149599794619067,0.2837246831106265,0.6022490858494309,0.3396235163618848,0.3399354172677278,0.9880250311291904,0.9782047621572012,0.16992673009009,0.0585688721471577,0.0443738112989343,0.0824096182794699,0.4860236427958322,0.1498103022252471,0.3833145570803777,0.3808057006490912,0.7463959540737644,0.0521825523712762,0.4495840656698819,BENIGN
0.1056029802349531,0.3810391141797533,0.6837658463859236,0.3826559342165756,0.618202046647876,0.0154835285943663,0.1935147099181648,0.741627262674013,0.4967294218563756,0.9732351879789908,0.1840813505423156,0.3585883871385419,0.0940142029478575,0.2426434142116059,0.3631489067808274,0.5625120937015942,0.2585193280104234,0.3816731088522018,BENIGN
0.6709642183115938,0.7300531111508461,0.3638572214363863,0.8300912092850875,0.5433781358198558,0.0326503181352734,0.9693903615486134,0.3934457343445491,0.4705914075225167,0.7580671434588446,0.4818372701274606,0.7781315198904695,0.431121968640433,0.3784217214651846,0.563086447073322,0.7214923301864763,0.2213777424361512,0.8397524028487309,BENIGN
0.2702999503683796,0.5683446179493736,0.1870886931231831,0.0374920176987615,0.999615217226184,0.8196093912230462,0.7624362270162856,0.1897094911745629,0.2775922033750123,0.313630201152663,0.2656193168398345,0.6003281145837491,0.3054281919057473,0.0532259864822772,0.791058846310215,0.1445420503183409,0.4850956503140186,0.6214250329679956,BENIGN
0.3223691867900182,0.2137978374045623,0.1482536711995635,0.5259064425064031,0.4942115111892121,0.2574459040597131,0.9887703311589832,0.6269542491846494,0.2337603828798367,0.0141514509272701,0.5127700031807009,0.5157743541941574,0.1626601164948607,0.3283268424048884,0.3303644008332503,0.073905976988698,0.3226585125377084,0.1115593145030291,BENIGN
0.2063791904741837,0.8325291887635357,0.5885976374708574,0.864741447682419,0.704438264383983,0.3488027622783316,0.1507820116358449,0.5617822930362473,0.5371670381128612,0.9078245005689144,0.6527610422479917,0.0920671944666421,0.4917924588850966,0.030275782092508,0.2356428702445171,0.5993060556487148,0.9260851134656508,0.0382233142207782,BENIGN
0.8356317566972536,0.9089937008570756,0.3053512549006705,0.0643807148223775,0.7930458839753831,0.4968303604114809,0.6180746014844752,0.6557141429373254,0.9631433087690237,0.0019479625703063,0.7910046933296868,0.3561673879455647,0.7349670523901858,0.495646048213187,0.966529995139674,0.810392478747088,0.160610295269039,0.485419895810057,BENIGN
0.8684120781637058,0.6983397740272482,0.1628170156333213,0.0354251941704666,0.9198952810710668,0.3169167785167416,0.8912993818677865,0.6369506355279383,0.478439007338892,0.695162343651051,0.0344007611700242,0.1213790114431822,0.8202739939962167,0.6282926872784331,0.5904669815079614,0.1635667856847702,0.905591997124405,0.3801924520291592,BENIGN
0.8408166123779546,0.4457364507075234,0.2629134690510389,0.8127701819280976,0.446158312360656,0.9789178446396636,0.090285803777616,0.1162402463269954,0.378944598506108,0.8637237051312862,0.3884869886604293,0.5383655364783521,0.9710595476407704,0.5246100653458936,0.9194707773736036,0.6421219868462412,0.1347343740638202,0.8655834128765353,BENIGN
0.1788102313805698,0.5753001048098414,0.2180474491967704,0.4079468521335392,0.9785482423008134,0.4409643542211929,0.6849451035410955,0.6616214213843878,0.7232005326149756,0.7997414488423067,0.5119131652962841,0.9929557635009248,0.2259741495651159,0.3203061434290335,0.3398305121318551,0.1857331874666475,0.980383324062244,0.2724774829348171,BENIGN
0.0972264743715067,0.7921587801608859,0.2257409813796541,0.5923855864137365,0.7514125230110571,0.3819811296440215,0.1558063508234248,0.7269731638764312,0.2567869027028868,0.7098148684938921,0.7912085757433904,0.3105823275588012,0.902138081291702,0.0784158055923074,0.353795540259996,0.1794354391735333,0.1522990957445826,0.9993232239270564,BENIGN
0.1096140692323619,0.8429360566968293,0.6880499294755328,0.6737081899374409,0.9451598364959372,0.1886832127840259,0.2691318077275993,0.232966718967592,0.2493293638358299,0.4063589524571739,0.7252579835137372,0.3146958330467644,0.0217373251793272,0.3874496078175763,0.3780018726993513,0.0093961565479999,0.9914938256350978,0.9970273087538069,BENIGN
0.3764894630802918,0.2483154751545504,0.6476817061415244,0.4256216963089984,0.9481163657870564,0.2717299824953083,0.5758723942609314,0.4901564769966813,0.4972106728125282,0.6417847611712802,0.1948569407677017,0.8574708544711688,0.0123113761715045,0.3372164155633931,0.1987766438680168,0.9305745669518678,0.3688579840744846,0.2061268248140206,BENIGN
0.4828697651895302,0.6959289249984931,0.4137770628102182,0.8484869488857241,0.7953746966637304,0.911130362274137,0.1012196841766219,0.6464663142771513,0.2073205569160575,0.2245415040239421,0.018103896209915,0.6850232096656437,0.0396587642806016,0.1088130977626447,0.2406915674238809,0.2391558742563984,0.1394083706507853,0.4835334037934801,BENIGN
0.7857267214263762,0.0375512780475604,0.4976636917437047,0.2297343099889394,0.7597487867881078,0.8551528112286572,0.0618713329727015,0.3939011134490201,0.6359840243840955,0.7933135107948692,0.6228488832729361,0.929363562905285,0.0388306844262016,0.8637168224209314,0.4573742788607476,0.4383858479420162,0.4270940126324284,0.8039077122576906,BENIGN
0.703930504769893,0.5622474498106995,0.8390288140775136,0.379814872151118,0.8107613803092898,0.648510749232208,0.3195236304324441,0.9642257445283656,0.6806573341488469,0.3076331073132384,0.3746872334509955,0.2347320239293405,0.3182434900607487,0.0162682575321587,0.5435248777068623,0.9154996163719282,0.9902857090851386,0.1368939619562333,BENIGN
0.8524688628805223,0.8915672938990823,0.8763371309528128,0.3359214284005821,0.2254759179781491,0.7575944674667044,0.1549727882068611,0.4035066298725852,0.0485127227049918,0.1054755459756994,0.1206772153969822,0.8364868349348284,0.6403756057005004,0.2255153006667816,0.0590207788757581,0.3218793132701306,0.169279783312828,0.3880794374382003,BENIGN
0.791499248089526,0.2990079566552935,0.0263024463966747,0.0242875162660745,0.1245460971423519,0.754775653584549,0.717196126488312,0.662387045423091,0.2836102984660874,0.905560430938266,0.228839082918237,0.653894511761676,0.6431264803691112,0.5582661663710217,0.5064703001608618,0.2527730759667707,0.8528458586442382,0.2454963090976784,BENIGN
0.2284472807048968,0.9251728312678884,0.7350135815345896,0.4943749699866547,0.3313388592778069,0.8892515335062636,0.3302993252821451,0.1061499189710559,0.6328348493631568,0.9787613480859768,0.3106357447697089,0.3548056463730767,0.4543358795425043,0.9015217124814,0.5945340060617971,0.1331295556822715,0.2052918612306515,0.2701784654442787,BENIGN
0.4690740532481917,0.6211160705112833,0.9548225675204486,0.5349366462642079,0.4494951446319776,0.9293250146447742,0.9367966713219584,0.990130064628118,0.3441630344903829,0.3086186300135286,0.7899029026763139,0.2783870504474203,0.1644358587476331,0.4486568192358658,0.4745627353448335,0.9610619036309798,0.5834931357084289,0.6357648667862524,BENIGN
0.5381012109333836,0.9933204201744588,0.6722064803223816,0.7462145237958757,0.2691209910316977,0.568905452756686,0.0935276824516484,0.1170017635706982,0.2587867627512905,0.1659323190067609,0.2929703991152784,0.6866093086031696,0.9596453083385142,0.1502169523644578,0.0903152900916137,0.6183577491787207,0.2774419858673583,0.6083313899370112,BENIGN
0.9363863370825168,0.3223280731769311,0.6560403849662759,0.1657959577477523,0.608866008607443,0.3562683709324534,0.0440762738320912,0.298044936220644,0.9834911829005272,0.1522672855825563,0.5012574234827305,0.2676069639767662,0.4766503725072426,0.5717926508853436,0.1845627182548103,0.7739255971192879,0.6191050669615235,0.2590918341614723,BENIGN
0.0129138014854754,0.4611412637744223,0.5288075626694744,0.3022618281383799,0.4167642061326315,0.0776187515000342,0.7070593006416243,0.4559113574275016,0.5199650229177466,0.6131032543561025,0.0778585745610848,0.3829146540509334,0.1206706937277677,0.3638345239410587,0.8330697371942155,0.0335557966589626,0.8722691569426778,0.9771915191162436,BENIGN
0.9087093226246538,0.2703245869135078,0.921619549138387,0.1177712229331842,0.2397719366635984,0.5607828939445931,0.1563564367592896,0.5439801877042082,0.7924914650767824,0.1193177053265649,0.3421350535818516,0.9499132650619744,0.9554638903619076,0.7184914194635958,0.1815067925436875,0.6524244291914769,0.7351661781947376,0.4933307239061374,BENIGN
0.1700190258426966,0.95752280085079,0.548988173271804,0.280075885690222,0.3957679037393851,0.7941819026812978,0.8273590430024437,0.0817103347245896,0.8089999170478758,0.9426230197881212,0.5756703635425614,0.9244018337239228,0.4020294603028109,0.1628983305821387,0.1456107339685515,0.4456707222058245,0.2700608427712209,0.444057200300605,BENIGN
0.2079885211796861,0.499731198714079,0.4716751131561462,0.3902766152366469,0.1393357670820993,0.1274798762309594,0.4111527584109622,0.6052200527122072,0.0308205338050082,0.6954073493839645,0.8157951339116716,0.0557449505506306,0.262355398295066,0.1668757957912998,0.9190559270392932,0.541067179033327,0.1966207651450779,0.6025789054549882,BENIGN
0.2530124176973264,0.3051728228426251,0.70054920892903,0.7404523371841704,0.9240419728493826,0.8383845620627101,0.771407781996253,0.1834673952112739,0.1810642899435431,0.5945928441821262,0.2381287504083795,0.7744467086925532,0.4193880046723246,0.2761503789741815,0.4116485965332453,0.8030728713288924,0.727328192727651,0.3867401955916382,BENIGN
0.9894494912392148,0.4500179760946158,0.8911401276311052,0.6803592106361388,0.6941963578022565,0.9409632594299824,0.1711067863102978,0.6314069697272958,0.5567818755793589,0.1018202261238259,0.394413646551933,0.7053805106868865,0.0484485939225192,0.2371791109596908,0.6193971096613231,0.3310583148253457,0.8526370805396252,0.6031961904903627,BENIGN
0.4463415108410461,0.4267853142774914,0.0410708067252973,0.8574481274488504,0.2570521405912013,0.3147839250822402,0.7969839718035334,0.5342950236285706,0.2329323858521976,0.2194602433936181,0.3146932476109191,0.0240991930490372,0.7237994179076,0.5675596061140916,0.8245606550178547,0.3951228814424737,0.3402949444539805,0.2314701450486229,BENIGN
0.6966608689251551,0.5331914369352257,0.7855378072342284,0.7483876192260014,0.1273701320991942,0.392034984821894,0.9133692055556016,0.0500995319095033,0.968217093112826,0.4904118102333465,0.9134355163566776,0.97279553711778,0.7161716167461559,0.4616178059309705,0.4345597495133494,0.7344257611389693,0.5153905108581256,0.3787818274182554,BENIGN
0.4583446460352467,0.3167924943711936,0.920339898749126,0.5044888485883721,0.6154977836348168,0.4590475291295076,0.4699224840107537,0.4737967895997864,0.2858508678368349,0.5809267290233101,0.1276758797592756,0.1685102852951294,0.1710354247007425,0.8663722011637961,0.1221901475519734,0.7925377966329323,0.7142408720396677,0.0075991917712382,BENIGN
0.8494976674790587,0.878531463399086,0.845479865364687,0.4371180462184146,0.9700126393778268,0.1909068318704763,0.3823863351790181,0.9202949988395156,0.3719397829766814,0.0867060309649327,0.7762056079748025,0.3932574092895569,0.3718461552831018,0.4844863006519917,0.734498213487292,0.4040579912633167,0.319904050100064,0.3368821343417566,BENIGN
0.2122946489235995,0.0164686078640402,0.5326253584416076,0.8727742075662213,0.4052411474391959,0.7032608744034833,0.7110592325284457,0.7724547899199411,0.655184111905543,0.610066550206311,0.7855887389390099,0.8811804730947792,0.1495554963678002,0.0644269329702945,0.4796332399125326,0.4899636371670548,0.9654839478679146,0.1715881890511655,BENIGN
0.0785115975206378,0.8798584789494864,0.8043186220714547,0.273411106115241,0.5191253621162779,0.5536777019482149,0.4946796525228004,0.916363306999875,0.7195604627629533,0.3327008997633087,0.4255200224893232,0.1347664003136781,0.1399617419884529,0.7448366481053615,0.7090653449690055,0.0712948098293273,0.1445353800641848,0.5506873557253016,BENIGN
0.1841477840537728,0.3147359428181255,0.0079958677450168,0.0609898388942405,0.1473975181137131,0.5618760274747778,0.8292329368244021,0.0905262887052548,0.8359007094976435,0.5391963247086586,0.8538085232468331,0.8277633044768969,0.1533937957750323,0.9917605596554974,0.8542124098938795,0.5309343822644556,0.1068148331919573,0.2348921700510292,BENIGN
0.9621457992208368,0.3583857139086532,0.1995913312788473,0.278195716590758,0.4084681297374631,0.2099601077386635,0.8636243303550594,0.9741376740468212,0.3576672995325245,0.2074293370265241,0.1781125086257919,0.7091396479385843,0.0385625209438683,0.9276845455664868,0.1273857549737188,0.5745361522865087,0.1962875508696214,0.455391567555737,BENIGN
0.9406349272084986,0.1190443500707609,0.0849078639642539,0.2351734819035842,0.8034971274830608,0.2816944592996279,0.6201749931981412,0.921863121940856,0.2533083102105131,0.9682339723476652,0.682882621826558,0.9865931333929664,0.7418837678506196,0.3902342546497328,0.8558999303070665,0.2313959429234744,0.6615594934058991,0.1024924681369559,BENIGN
0.3634322185756641,0.0790214586194022,0.8343612574697172,0.4818866603579461,0.0724316209992836,0.1676587981745698,0.7243501079308178,0.6370617045561496,0.9011419130457096,0.9838158158073188,0.2097126600475676,0.2994459553797615,0.6068280593779155,0.7549368518250958,0.4791671980290869,0.5634168126239422,0.1452189608549884,0.4652847339810039,BENIGN
0.8118303201673903,0.5702811092257648,0.3791756671399439,0.4918352103129211,0.4106972732104053,0.6938200461047032,0.3662302340076641,0.7036815252164402,0.9123390953425562,0.9748193620740512,0.4462891628188088,0.52201180707591,0.5108348926088987,0.3956110907444893,0.3404415687990777,0.1997218193205362,0.1971369984275769,0.6838884812747941,BENIGN
0.590029310733144,0.8385672849170536,0.9173378409512778,0.0040586435500041,0.3566165300144661,0.5450199941408577,0.4028100763173916,0.2617214824154464,0.8247792657956983,0.8632268327649022,0.2744501189437943,0.0042536877698501,0.2528254583234175,0.3809422987891379,0.6274909409092111,0.4096825217841543,0.6214232835283832,0.6529559756364091,BENIGN
0.1121860627532033,0.3802860002854374,0.5204180582482173,0.79602128752873,0.3658282348412511,0.0231083996470554,0.0202803625419398,0.0565921415845135,0.6161325012549834,0.9929997781182518,0.519126744207978,0.3863133131658309,0.8082837370978944,0.6706738996445645,0.7564082974603168,0.8710070458210282,0.2499427538800251,0.0713257370781003,BENIGN
0.0807177603248883,0.033300000517724,0.9913002567135042,0.7960714697121651,0.9412370241866486,0.8574539381178549,0.2157941712230648,0.8619549030545869,0.6387423420371123,0.8721385996913028,0.1910791370084644,0.705290495419916,0.583977508467969,0.9353518874677316,0.4347962259106833,0.8055861133724211,0.9541563528807502,0.4558653060694491,BENIGN
0.1589812389212612,0.0368251118339568,0.6109964659418106,0.1076360571544545,0.5280895656884957,0.036346729430265,0.3408343803356713,0.6271365074939119,0.1831649215169093,0.738381236040682,0.8356913086762991,0.996049602434926,0.6076076920243387,0.3403240966820112,0.6605853554305817,0.1024856537759301,0.3885933037883451,0.0281005179754972,BENIGN
0.0769047378215099,0.7733021188448477,0.0536091072015709,0.685304599484515,0.685196737525938,0.355593913562835,0.5655201217334961,0.4461222090466989,0.1720289608596515,0.2980600444414184,0.930324984762947,0.558509025519483,0.6893643896517525,0.1194079651394839,0.3246049830722395,0.3897226810773074,0.0910308504152993,0.6223242250635914,BENIGN
0.5847849267077863,0.072153050353501,0.5315716176109654,0.531283698921329,0.4754982496288313,0.4091456435321847,0.8642609604386883,0.9620564188551772,0.8109808185329863,0.2732818330791362,0.8377251245318126,0.5630213879417535,0.7201460054932431,0.9723012771174252,0.8424413494659307,0.2942155483397569,0.5981668738991448,0.9513242187676728,BENIGN
0.9046366647803384,0.7045814663429028,0.1385240401788383,0.4893594841688196,0.0507562057451487,0.579478249968273,0.6105027390048691,0.9005150326929436,0.3874190656468905,0.8328502607203778,0.2236396336886693,0.6104250754382835,0.6127326729651825,0.9354167360771688,0.8775183897455934,0.7105827911015382,0.9404462825728104,0.2740886783720279,BENIGN
0.8893535282430115,0.3359192349453236,0.4273483942352418,0.4803013851269574,0.6894882198720732,0.8224129158798162,0.2621901709980024,0.8707581915030917,0.2195298384861834,0.1295379101842365,0.3695458375662614,0.6892094884061176,0.8013836140561057,0.8561579199659003,0.3628412829599687,0.8338921032653942,0.6293699713192258,0.772946709562102,BENIGN
0.8826398974560509,0.5263888736639588,0.8819477985391306,0.1856273210399641,0.935637457933184,0.7374307758401185,0.2952457010067696,0.797299365996785,0.562192981158486,0.6815788267669461,0.6848263028709439,0.7018688848083865,0.8482737967133162,0.9500792569967949,0.4656170126718878,0.118746068156979,0.9222129727359928,0.1600296806247967,BENIGN
0.9779443232641428,0.4240032120513874,0.4476951374504254,0.6427086066357166,0.1550935272030735,0.3170253870963594,0.9325580020605976,0.8043679987392959,0.1820864631368999,0.0474495773580196,0.0762709312503664,0.6871030635028103,0.664908237181199,0.609817846590638,0.876893693282388,0.5731029584917439,0.4660852251313656,0.982224319089231,BENIGN
0.229271546369321,0.215919903947415,0.095472615619945,0.8614898468137556,0.1334478629512182,0.7080618047687848,0.7611391170788853,0.5069421365141702,0.415003238007589,0.6013705755160472,0.0904140511315911,0.7952587716613708,0.5200229527678016,0.7112073486495858,0.1031012259340063,0.6094079718897284,0.0444330685908812,0.8280539512095363,BENIGN
0.9438015794371885,0.0093495025238656,0.0634858074549318,0.975141803890466,0.5548327001325238,0.6392572257218266,0.7609633465507769,0.2724047412419801,0.7637536315608838,0.5205109894668073,0.6440858333607221,0.2612520129132171,0.7339283241969035,0.7245666105906012,0.6358434187041877,0.3222229376827316,0.8901580089068633,0.524503228538911,BENIGN
0.3336106405717701,0.9497506076620688,0.655359495230613,0.3138654146837726,0.92351117131221,0.69430906326343,0.462897264575042,0.3534940824409036,0.963321337702992,0.5295117520101246,0.0127167561163924,0.0392561208361073,0.0260124060915503,0.0489790868575487,0.7961666364586073,0.7496134700994425,0.6179275988571266,0.9587081674565572,BENIGN
0.0979589728152456,0.38783962296561,0.1876386261904523,0.2646793008733198,0.6437011709404019,0.3722924448721605,0.0529944441731342,0.8632813262522666,0.3896663476463453,0.484881989422126,0.7437996934528812,0.8816469117921681,0.3197251587748729,0.2715134502020035,0.7886634940287277,0.8549676488699531,0.616206843717631,0.8143002828001145,BENIGN
0.855414679865087,0.2689961343167769,0.244689148683971,0.1886446354759663,0.3640022851086926,0.1359425918186203,0.0160204769008297,0.0958242178682478,0.8857218871431438,0.7034206474009099,0.0584682808844134,0.4216156789436223,0.4434151582332009,0.1439726416278615,0.6530711402379692,0.1122768032175166,0.0764313697024594,0.7708376732682513,BENIGN
0.5033728482056845,0.7388376771827773,0.4938620100890024,0.5376207269864874,0.7062731701171108,0.9225182813668324,0.8626043102830537,0.9902670142451548,0.4897630704082114,0.8632545302069143,0.2213555547784222,0.9695725581302772,0.5143954804260683,0.1294193680341326,0.5708521255365699,0.3654624775022529,0.0520938001198796,0.0546052417382286,BENIGN
0.7614266273514645,0.8577841638101249,0.7889865242585267,0.6255151961039025,0.5545317972882337,0.721750223156101,0.9329442058995172,0.8598555214778852,0.7116800004203943,0.9622746753218806,0.6311019226262878,0.2036840026661751,0.6270214868640014,0.4705387236406237,0.2209439157734561,0.915292877879152,0.2480135229467281,0.8770045810052766,BENIGN
0.7893606144224493,0.312833682817957,0.3634466309895185,0.432086117071884,0.5555868511697647,0.724788807289838,0.2785668458441949,0.3060635049003422,0.7980299976395082,0.0643099509996769,0.7372286691122123,0.230429756810358,0.9338952514792788,0.4848766138743722,0.0241717694071427,0.995476424230451,0.8376205058117018,0.38109301041571,BENIGN
0.8731978625219118,0.6204857416747817,0.4391912805017748,0.3771542389863621,0.1429034623340843,0.4068773812174163,0.4580964511832189,0.3253171829428167,0.4969818690563491,0.2389135970412004,0.3059981792113245,0.0343074801181664,0.3379114735398761,0.780978845970232,0.9371156846492098,0.4580420687007207,0.5689108913750576,0.1231926621331261,BENIGN
0.7880154680023844,0.7906023973706552,0.1804477775555616,0.0769518525341169,0.9556190886704762,0.6537442979775065,0.6921269336346232,0.3599380991251509,0.2942354573481496,0.0011249413305183,0.0526067414292812,0.0912029115198658,0.9473584216068636,0.495629964606804,0.7950249569822417,0.4969803203455275,0.3552608555479319,0.5294188942795803,BENIGN
0.2470419985303641,0.7410372903823134,0.8145544068957262,0.738319476399167,0.6002097137089245,0.9071838521433164,0.1120493670768836,0.6265233986568649,0.7909033114797949,0.1007827555439638,0.3575680710843807,0.6345300468810127,0.4567075966474815,0.5959566861164871,0.1793041699541905,0.8196770210088344,0.9012600705283444,0.943866900046584,BENIGN
0.4056155031822296,0.7382184537137936,0.3788013825269531,0.2226392424986245,0.5755219559185653,0.5497730554876934,0.9059970199788058,0.1448165853700207,0.526039579426886,0.5552930058831791,0.1618640285773471,0.1738782805532325,0.6580796100040878,0.9697347944110816,0.0243316753291483,0.5326064705691429,0.5173432031218098,0.3645946786733482,BENIGN
0.6593487393800801,0.2070159451573199,0.6767901269663692,0.7716377107186061,0.5486761820696328,0.8462390170503521,0.482320999830657,0.979442025467969,0.1379622950923233,0.0138683133925104,0.1310024140427736,0.2377128286766674,0.3744818220007365,0.624814210863482,0.8344259593513963,0.0289077007040419,0.8891712420728224,0.3749423850907898,BENIGN
0.1187442924339106,0.6900402303398102,0.9909251866820616,0.6091463201573962,0.7608284645056975,0.1622731097106382,0.339159023682172,0.1209252701034425,0.1816030364926355,0.0111943723168058,0.684590372363267,0.9823081239032706,0.0954320207291463,0.0198116083667206,0.9885745661563649,0.5676323100130387,0.7449627733513884,0.7874800888352601,BENIGN
0.5336900892124783,0.453654124585866,0.9228763067631036,0.4634537968627397,0.209690786650044,0.7577067915435214,0.5481399587506005,0.4185433047589939,0.1830975443145593,0.6969118412296448,0.8127865692485773,0.3949444391879263,0.4492269962465766,0.9572131647862808,0.8145884027371539,0.2241606666380948,0.7133730652695465,0.2682067220481997,BENIGN
0.3612090192386089,0.9903466702856396,0.4932597895738749,0.1832429095537623,0.2821261559271739,0.0831946630110032,0.3874806994250496,0.1195024490782975,0.646962082879472,0.0442883925712227,0.0213877924234261,0.1638741715169843,0.2442496249971413,0.5096313045192887,0.2872168487147357,0.2665056022338197,0.2118484030226258,0.8989409151934473,BENIGN
0.8578775264813894,0.8247703853299041,0.73782007356017,0.257683246620227,0.8743880481194124,0.6176663491432806,0.8386445303781888,0.5786533333545316,0.241107906170005,0.1773000924346039,0.7978815049740262,0.6654027544250785,0.7871801472970629,0.0508095505278294,0.5483789288552109,0.3254522136865315,0.5293537613036023,0.6480671752560047,BENIGN
0.510046504472919,0.9922799328045484,0.8203384106585763,0.7251237051275955,0.8381943539281529,0.8372503594660992,0.3247550841081855,0.1229471435970821,0.96479286711161,0.5682610959583925,0.646434637609512,0.0935089944827496,0.3499814139429519,0.6691308464205817,0.7918307351083983,0.0030517058082807,0.851709597559654,0.7178772777130823,BENIGN
0.1675263953755208,0.1074106943761954,0.7779792180638355,0.6271720367411404,0.6611865638851271,0.0059939173239339,0.2380211104986412,0.3401669197363383,0.9175286218343428,0.1599523209605099,0.223237310005184,0.5046440448295408,0.9925205504826442,0.0506548208795745,0.9939940525948991,0.4189429571662502,0.6931925265602173,0.8232136282888731,DDoS
0.0659058248431011,0.7465881770797963,0.7007975374398938,0.8520056023752166,0.204808758494891,0.1183236970658682,0.8612181084265126,0.4754436401281144,0.9545826371262792,0.0440755657011135,0.4798155033489059,0.7646188045662956,0.7338192314584789,0.0545925626820809,0.7238522544879346,0.2909898811360532,0.5767603533709347,0.5006617471999678,DDoS
0.0571932049156466,0.2982655124042216,0.4853761354463032,0.2428142059003741,0.076334086704363,0.9183953740020072,0.7810322799445121,0.2335059933450897,0.8206606556261993,0.5823817445737315,0.8799500232381919,0.8245761229047373,0.7377603381463836,0.3903956487745516,0.5062427384218099,0.7900091718203976,0.2039861549321232,0.8574782791401594,DDoS
0.7321299129812878,0.658462705577531,0.1842962246305143,0.6455691261394443,0.1687861833197438,0.5902312361015316,0.2189786407798851,0.035440926933139,0.2439568477410099,0.5561527227297072,0.8470093017396148,0.4731544870570209,0.8618428632557724,0.211914442491548,0.726592763324034,0.3377789526096755,0.4769551777607174,0.2425081339064281,DDoS
0.9736782307575558,0.9854125354115616,0.4553625285382451,0.9657178119777116,0.0163290158084904,0.3990422161038517,0.5271528711789244,0.4530119739698955,0.9784021653177756,0.0167202870976884,0.0915602395206287,0.7748047151644153,0.7625595773874506,0.8288541181724406,0.5434097933789467,0.1773042024372197,0.4747620390558765,0.7459270172253583,DDoS
0.1005253780595367,0.1287458419242858,0.0996951737699761,0.9488998755991546,0.8473106862968105,0.2632237202488234,0.9718510914991256,0.1511143696100361,0.1556172530804846,0.91193345088499,0.1176094700338127,0.4828104097456501,0.1659063596425674,0.3735602149723165,0.6195328438842113,0.4335941880535068,0.9114389854940972,0.3697793491357141,DDoS
0.9016942330868444,0.4917869638913379,0.2244147956248325,0.4330769367167719,0.7074936686912134,0.0002638774864522,0.1543243880364146,0.7629243233816337,0.8556603093208051,0.278838568305007,0.9184932925291348,0.1952324998179052,0.2493988328805608,0.4868157094604669,0.8933294832472393,0.472072446325227,0.6379992303218557,0.8465394304364764,DDoS
0.5301307640301901,0.1515131165022365,0.4277595680864657,0.3375149741384766,0.4292874165454711,0.7069991325972884,0.4946389822502187,0.9644270353588134,0.9418523223353872,0.1766001647318159,0.2301932869930425,0.1261034357748992,0.9658946098198288,0.302330838539219,0.4851573683204507,0.9313289303023918,0.5100616849140992,0.1140457184129699,DDoS
0.0917366221773079,0.9688808787469244,0.8395177171884779,0.7829851587030827,0.1649126426634581,0.7899967336802147,0.2172828914794723,0.169677791272727,0.381674942179208,0.4198748038666724,0.3456567728723175,0.3426941295977922,0.4397898803188708,0.8768621479536131,0.9313151225215008,0.7894205154359774,0.9823778080009616,0.0156264008943308,DDoS
0.5356523265878246,0.6363102091420075,0.6519110641809384,0.5322380019153531,0.8271077333840209,0.9012685544763216,0.6744493323568123,0.8825177543618411,0.9760916133151892,0.5155208049155255,0.6360073379206154,0.4622627004007035,0.8856837583190236,0.3676743691651365,0.1032284333786849,0.3898256992764126,0.6545325979235036,0.2825137558894918,DDoS
